ПРОДАЖА нежилого помещения 170,1 кв.м. в ЖК «Новое Медведково»|Продажа от Застройщика! 
Предлагаем в продажу нежилое помещение от Застройщика, площадью 170,1 кв.м. в ЖК «Новое Медведково» корпус 39, по адресу: Московская область, г. Мытищи, Жилой комплекс Новое Медведково, к39
Характеристики помещения:
•	1 этаж
•	Высота потолков 3,96 м.
•	Отдельный вход с улицы
•	Витринное остекление
•	Монолитный дом
•	Выделяемая электрическая мощность 300 Вт на кв.м.
•	Свободная планировка
•	Без отделки
•	Ввод в эксплуатацию II квартал 2025 г.
«Новое Медведково» — один из крупнейших жилых кварталов комфорт-класса в Подмосковье. Он расположен в северо-западной части Мытищ, всего в 6 км от МКАД, рядом с уникальными природными объектами — Пироговским лесопарком и Клязьминским водохранилищем. В настоящее время здесь построены и введены в эксплуатацию 28 корпусов из 37 запланированных, работают два детских сада и одна лингвистическая гимназия.
Собственная инфраструктура ЖК расположена на первых этажах жилых домов, в соответствии с принципом шаговой доступности, который INGRAD внедряет во всех своих проектах.
