ПРОДАЖА нежилого помещения 102,4 кв.м. в ЖК «Миловидное»|Продажа от Застройщика!
Предлагаем в продажу нежилое помещение от Застройщика, площадью 102,4 кв.м. в ЖК «Миловидное» корпус 1, по адресу: Московская область, ленинский городской округ поселок Развилка 207ю.
Характеристики помещения:
• 1 этаж
• Высота потолков от 4 м.
• Отдельный вход с улицы
• Витринное остекление
• Монолитный дом
• Выделяемая электрическая мощность 300 Вт на кв.м.
• Свободная планировка
• Без отделки
• Ввод в эксплуатацию I квартал 2024 г. 
Жилой квартал «Миловидное» в 5 минутах от МКАД — это новые возможности для вашего бизнеса. Два высотных корпуса рассчитаны на 800 квартир. 3000 новых клиентов, которым нужен супермаркет, аптеки, салоны красоты, кафе и зоомагазины в шаговой доступности.